{"menus":[{"section":"Resources","items":[{"title":"Users","url":"\/admin\/users"},{"title":"Roles","url":"\/admin\/roles"},{"title":"Permissions","url":"\/admin\/permissions"},{"title":"Pages","url":"\/admin\/pages"},{"title":"Activity Logs","url":"\/admin\/activitylogs"},{"title":"Settings","url":"\/admin\/settings"},{"title":"Category","url":"\/admin\/category"},{"title":"upload","url":"\/admin\/upload-image"},{"title":"Doc","url":"\/admin\/doc"},{"title":"Pays","url":"\/pays"},{"title":"Pays","url":"\/pays"},{"title":"Pays","url":"\/pays"},{"title":"Pays","url":"\/pays"},{"title":"Customers","url":"\/customers"}]},{"section":"Tools","items":[{"title":"Generator","url":"\/admin\/generator"}]}]}